{"cameraMode":{"drawMode":0,"name":"Shaded","section":"Shading Mode"},"sceneLighting":true,"audioPlay":false,"sceneViewState":{"m_AlwaysRefresh":false,"showFog":true,"showSkybox":true,"showFlares":true,"showImageEffects":true,"showParticleSystems":true,"showVisualEffectGraphs":true,"m_FxEnabled":true},"in2DMode":false,"pivot":{"x":1.408024549484253,"y":1.3051128387451172,"z":7.129642009735107},"rotation":{"x":0.10020724684000015,"y":-0.4745587706565857,"z":0.054483771324157718,"w":0.8728083372116089},"size":10.223517417907715,"orthographic":false}